,MCC,ROC_AUC,Balanced_Accuracy,F1,Recall,Precision,Specificity,NPV,PR_AUC
LogisticRegression,0.9484217005553843,0.9977672359266287,0.9738709677419355,0.967741935483871,0.967741935483871,1.0,1.0,0.98,0.9965947239978197
GaussianNB,0.895876027830487,0.9897786211258698,0.947741935483871,0.9354838709677419,0.9354838709677419,0.9201680672268908,0.9505882352941176,0.9603921568627451,0.9854790812222041
LDA,0.9237301021858109,0.9955544354838709,0.9579380139152435,0.9508196721311475,0.9354838709677419,1.0,1.0,0.9611613876319759,0.9934447423448043
SVM,0.9482778964510001,0.9977672359266287,0.9682459677419355,0.9672043010752689,0.9375,1.0,1.0,0.961901306240929,0.9965947239978197
RandomForest,0.9233488725734652,0.9942504743833017,0.9615065623023403,0.9523809523809523,0.9375,0.9672043010752689,0.98,0.9622641509433962,0.9914534101002488
LightGBM,0.9226990875090271,0.9946236559139785,0.9613104838709677,0.9523809523809523,0.9354838709677419,0.9666666666666667,0.9803921568627451,0.9615384615384616,0.9919689442222074
